time,value
2024-03-08T23:21:30.946982796Z,204
2024-03-08T23:21:31.473031566Z,210
2024-03-08T23:21:32.016970982Z,208
2024-03-08T23:21:32.543094906Z,210
2024-03-08T23:21:33.061308091Z,214
2024-03-08T23:21:33.597025279Z,216
2024-03-08T23:21:34.121025123Z,215
2024-03-08T23:21:35.443737666Z,168
2024-03-08T23:21:36.085899165Z,153
2024-03-08T23:21:36.617272813Z,149
2024-03-08T23:21:37.155319636Z,147
2024-03-08T23:21:37.689732903Z,151
2024-03-08T23:21:38.229437025Z,152
2024-03-08T23:21:38.769052191Z,188
2024-03-08T23:21:39.302775191Z,219
2024-03-08T23:21:39.829214257Z,225
2024-03-08T23:21:40.361200383Z,224
2024-03-08T23:21:40.897825196Z,221
2024-03-08T23:21:41.428920207Z,223
2024-03-08T23:21:41.973236007Z,227
2024-03-08T23:21:43.001076457Z,199
2024-03-08T23:21:43.533346584Z,190
2024-03-08T23:21:44.073011839Z,191
2024-03-08T23:21:44.609252033Z,190
2024-03-08T23:21:45.143114131Z,189
2024-03-08T23:21:45.674405599Z,188
2024-03-08T23:21:46.212075372Z,224
2024-03-08T23:21:46.75698451Z,226
2024-03-08T23:21:47.294992798Z,223
2024-03-08T23:21:50.866834444Z,217
2024-03-08T23:21:51.417251014Z,215
2024-03-08T23:21:51.945516964Z,217
2024-03-08T23:21:52.472821001Z,209
2024-03-08T23:21:53.013114061Z,210
2024-03-08T23:21:53.542925079Z,212
2024-03-08T23:21:54.087187135Z,216
2024-03-08T23:21:54.615012513Z,215
2024-03-08T23:21:55.146675043Z,226
2024-03-08T23:21:55.67501723Z,225
2024-03-08T23:21:56.382983318Z,224
2024-03-08T23:21:56.9191312Z,218
2024-03-08T23:21:57.458304851Z,222
2024-03-08T23:21:58.001588705Z,223
2024-03-08T23:21:59.369931179Z,169
2024-03-08T23:22:00.069779513Z,151
2024-03-08T23:22:00.591231993Z,147
2024-03-08T23:22:01.13718369Z,148
2024-03-08T23:22:01.67941333Z,147
2024-03-08T23:22:02.605253071Z,186
2024-03-08T23:22:03.131411499Z,215
2024-03-08T23:22:04.051213046Z,198
2024-03-08T23:22:04.583305081Z,194
2024-03-08T23:22:05.120042321Z,193
2024-03-08T23:22:05.990977632Z,191
2024-03-08T23:22:06.514616629Z,203
2024-03-08T23:22:07.047691743Z,207
2024-03-08T23:22:07.583032616Z,213
2024-03-08T23:22:08.118956759Z,204
2024-03-08T23:22:12.104917717Z,127
2024-03-08T23:22:12.636743672Z,133
2024-03-08T23:22:13.183135624Z,142
2024-03-08T23:22:13.721551183Z,156
2024-03-08T23:22:14.268865605Z,174
2024-03-08T23:22:14.802930513Z,198
2024-03-08T23:22:15.343016418Z,214
2024-03-08T23:22:15.87900381Z,222
2024-03-08T23:22:16.4173979Z,221
2024-03-08T23:22:16.961560401Z,223
2024-03-08T23:22:17.961436042Z,201
2024-03-08T23:22:18.494967744Z,193
2024-03-08T23:22:19.026857835Z,196
2024-03-08T23:22:19.573054567Z,198
2024-03-08T23:22:20.213147356Z,193
2024-03-08T23:22:20.743072828Z,188
2024-03-08T23:22:21.278835139Z,217
2024-03-08T23:22:22.102875623Z,218
2024-03-08T23:22:22.629315153Z,209
2024-03-08T23:22:23.158964199Z,215
2024-03-08T23:22:23.68292458Z,218
2024-03-08T23:22:25.257997677Z,217
2024-03-08T23:22:25.777237724Z,222
2024-03-08T23:22:26.316992476Z,207
2024-03-08T23:22:26.846258433Z,209
2024-03-08T23:22:27.385656631Z,204
2024-03-08T23:22:27.923412526Z,205
2024-03-08T23:22:28.457100312Z,212
2024-03-08T23:22:28.989008683Z,227
2024-03-08T23:22:29.526963185Z,224
2024-03-08T23:22:30.063284286Z,227
2024-03-08T23:22:30.596981563Z,225
2024-03-08T23:22:32.036990412Z,176
2024-03-08T23:22:32.617205028Z,159
2024-03-08T23:22:33.138787213Z,155
2024-03-08T23:22:35.776265053Z,102
2024-03-08T23:22:37.129098821Z,86
2024-03-08T23:22:40.932960954Z,121
2024-03-08T23:22:41.457159371Z,126
2024-03-08T23:22:41.9839366Z,139
2024-03-08T23:22:42.521367173Z,156
2024-03-08T23:22:43.059298671Z,173
2024-03-08T23:22:43.593490094Z,196
2024-03-08T23:22:44.128868238Z,218
2024-03-08T23:22:44.674974993Z,217
2024-03-08T23:22:45.203921093Z,215
2024-03-08T23:22:45.735202934Z,222
2024-03-08T23:22:46.276443183Z,226
2024-03-08T23:22:46.819040006Z,225
2024-03-08T23:22:47.351189074Z,222
2024-03-08T23:22:47.889715517Z,225
2024-03-08T23:22:48.422773372Z,223
2024-03-08T23:22:48.960980621Z,222
2024-03-08T23:22:49.723117801Z,220
2024-03-08T23:22:51.096973963Z,168
2024-03-08T23:22:51.747035583Z,150
2024-03-08T23:22:52.27906099Z,145
2024-03-08T23:22:52.813171928Z,146
2024-03-08T23:22:53.811556556Z,136
2024-03-08T23:22:57.317365279Z,220
2024-03-08T23:22:57.841381859Z,216
2024-03-08T23:22:58.384972947Z,220
2024-03-08T23:22:58.917271755Z,222
2024-03-08T23:22:59.454006839Z,212
2024-03-08T23:22:59.995154191Z,213
2024-03-08T23:23:00.535113729Z,218
2024-03-08T23:23:01.074932842Z,207
2024-03-08T23:23:01.773809402Z,192
2024-03-08T23:23:02.306935563Z,201
2024-03-08T23:23:02.849035097Z,193
2024-03-08T23:23:04.747406751Z,138
2024-03-08T23:23:05.611126381Z,121
2024-03-08T23:23:07.213347764Z,97
2024-03-08T23:23:10.827181635Z,144
2024-03-08T23:23:11.359014143Z,147
2024-03-08T23:23:11.889007096Z,160
2024-03-08T23:23:12.426893576Z,182
2024-03-08T23:23:12.961009927Z,192
2024-03-08T23:23:13.495215501Z,202
2024-03-08T23:23:14.025751853Z,218
2024-03-08T23:23:14.572952991Z,216
2024-03-08T23:23:15.091035986Z,215
2024-03-08T23:23:15.757366124Z,230
2024-03-08T23:23:16.737083774Z,194
2024-03-08T23:23:17.275010016Z,183
2024-03-08T23:23:17.803235081Z,184
2024-03-08T23:23:18.341635939Z,169
2024-03-08T23:23:19.643126447Z,144
2024-03-08T23:23:20.171506424Z,135
2024-03-08T23:23:20.701203446Z,133
2024-03-08T23:23:21.2289372Z,153
2024-03-08T23:23:21.765044597Z,163
2024-03-08T23:23:22.305318503Z,165
2024-03-08T23:23:22.831696193Z,197
2024-03-08T23:23:23.365028395Z,215
2024-03-08T23:23:23.897454497Z,201
2024-03-08T23:23:25.329920275Z,152
2024-03-08T23:23:26.081702232Z,135
2024-03-08T23:23:29.373232567Z,153
2024-03-08T23:23:29.907038898Z,158
2024-03-08T23:23:30.439991973Z,160
2024-03-08T23:23:30.973380126Z,172
2024-03-08T23:23:31.501018392Z,188
2024-03-08T23:23:32.035677611Z,203
2024-03-08T23:23:32.56469942Z,212
2024-03-08T23:23:33.095175696Z,229
2024-03-08T23:23:33.624798816Z,225
2024-03-08T23:23:34.268891763Z,228
2024-03-08T23:23:34.809706278Z,223
2024-03-08T23:23:35.345196272Z,228
2024-03-08T23:23:35.880977882Z,227
2024-03-08T23:23:36.414936955Z,223
2024-03-08T23:23:36.950989734Z,217
2024-03-08T23:23:37.489070716Z,218
2024-03-08T23:23:38.02852016Z,216
2024-03-08T23:23:38.558967479Z,214
2024-03-08T23:23:39.09519475Z,221
2024-03-08T23:23:39.634811826Z,224
2024-03-08T23:23:40.185202465Z,223
2024-03-08T23:23:40.834496493Z,226
2024-03-08T23:23:41.367682694Z,221
2024-03-08T23:23:41.897067763Z,224
2024-03-08T23:23:42.485135605Z,223
2024-03-08T23:23:43.013204Z,218
2024-03-08T23:23:43.536865529Z,222
2024-03-08T23:23:44.061053797Z,215
2024-03-08T23:23:44.604947822Z,212
2024-03-08T23:23:45.252521854Z,215
2024-03-08T23:23:45.783073652Z,218
2024-03-08T23:23:46.327426005Z,216
2024-03-08T23:23:46.855276383Z,220
2024-03-08T23:23:47.383799395Z,219
2024-03-08T23:23:47.909771188Z,215
2024-03-08T23:23:48.442865648Z,218
2024-03-08T23:23:49.654963256Z,184
2024-03-08T23:23:50.189150717Z,174
2024-03-08T23:23:50.719163342Z,172
2024-03-08T23:23:51.25816466Z,174
2024-03-08T23:23:51.797234999Z,167
2024-03-08T23:23:52.333470777Z,166
2024-03-08T23:23:52.870299987Z,194
2024-03-08T23:23:53.411287059Z,215
2024-03-08T23:23:53.947682465Z,214
2024-03-08T23:23:54.47835702Z,220
2024-03-08T23:23:55.039606904Z,224
2024-03-08T23:23:55.52291831Z,221
2024-03-08T23:23:56.069044968Z,223
2024-03-08T23:23:56.595114753Z,202
2024-03-08T23:23:57.137063484Z,206
2024-03-08T23:23:57.894703671Z,200
2024-03-08T23:23:58.435279616Z,201
2024-03-08T23:23:58.971423362Z,195
2024-03-08T23:23:59.513131339Z,209
2024-03-08T23:24:00.046658871Z,206
2024-03-08T23:24:00.56335278Z,200
2024-03-08T23:24:01.093236925Z,206
2024-03-08T23:24:01.618606415Z,198
2024-03-08T23:24:02.145638607Z,209
2024-03-08T23:24:02.677140027Z,208
2024-03-08T23:24:03.207118788Z,215
2024-03-08T23:24:03.731178752Z,214
2024-03-08T23:24:04.256929447Z,211
2024-03-08T23:24:04.788964565Z,209
2024-03-08T23:24:05.319584633Z,207
2024-03-08T23:24:05.863496976Z,208
2024-03-08T23:24:06.399302375Z,206
2024-03-08T23:24:06.928140537Z,222
2024-03-08T23:24:07.909355917Z,202
2024-03-08T23:24:08.443710917Z,196
2024-03-08T23:24:08.972259518Z,192
2024-03-08T23:24:09.505032525Z,194
2024-03-08T23:24:10.039050061Z,196
2024-03-08T23:24:10.573387848Z,195
2024-03-08T23:24:11.097304522Z,219
2024-03-08T23:24:11.635176015Z,226
2024-03-08T23:24:12.16687474Z,225
2024-03-08T23:24:12.692889781Z,223
2024-03-08T23:24:13.229151699Z,225
2024-03-08T23:24:13.765581621Z,226
2024-03-08T23:24:14.297013652Z,202
2024-03-08T23:24:14.837176178Z,204
2024-03-08T23:24:15.371135939Z,206
2024-03-08T23:24:15.897116676Z,204
2024-03-08T23:24:16.431060812Z,199
2024-03-08T23:24:16.985029943Z,218
2024-03-08T23:24:17.971050762Z,186
2024-03-08T23:24:18.503441291Z,176
2024-03-08T23:24:19.042979521Z,178
2024-03-08T23:24:19.575338406Z,177
2024-03-08T23:24:20.111246965Z,182
2024-03-08T23:24:20.643080106Z,184
2024-03-08T23:24:21.174954609Z,227
2024-03-08T23:24:21.69680666Z,226
2024-03-08T23:24:23.027312974Z,182
2024-03-08T23:24:23.56316106Z,167
2024-03-08T23:24:24.093319896Z,164
2024-03-08T23:24:24.626895412Z,162
2024-03-08T23:24:25.172728067Z,161
2024-03-08T23:24:26.667015695Z,132
2024-03-08T23:24:27.36920666Z,139
2024-03-08T23:24:27.886884578Z,144
2024-03-08T23:24:28.430796118Z,148
2024-03-08T23:24:28.961484605Z,149
2024-03-08T23:24:30.181412913Z,132
2024-03-08T23:24:30.644976524Z,152
2024-03-08T23:24:31.17312045Z,167
2024-03-08T23:24:31.703007911Z,170
2024-03-08T23:24:32.637200427Z,171
2024-03-08T23:24:33.175677519Z,202
2024-03-08T23:24:33.693400835Z,218
2024-03-08T23:24:34.226830683Z,225
2024-03-08T23:24:34.762983095Z,227
2024-03-08T23:24:35.309339367Z,218
2024-03-08T23:24:35.852440247Z,217
2024-03-08T23:24:36.382275526Z,215
2024-03-08T23:24:36.91543795Z,224
2024-03-08T23:24:37.449824047Z,214
2024-03-08T23:24:37.978916995Z,218
2024-03-08T23:24:39.023204417Z,194
2024-03-08T23:24:39.549549532Z,186
2024-03-08T23:24:40.079102484Z,181
2024-03-08T23:24:40.602950022Z,188
2024-03-08T23:24:41.13899299Z,191
2024-03-08T23:24:42.014149952Z,202
2024-03-08T23:24:42.541098415Z,209
2024-03-08T23:24:43.066939111Z,202
2024-03-08T23:24:44.229987582Z,204
2024-03-08T23:24:44.773336754Z,215
2024-03-08T23:24:45.3112102Z,217
2024-03-08T23:24:46.696983818Z,173
2024-03-08T23:24:47.307646246Z,158
2024-03-08T23:24:47.841003702Z,154
2024-03-08T23:24:48.372970241Z,148
2024-03-08T23:24:48.901186603Z,150
2024-03-08T23:24:49.438418541Z,156
2024-03-08T23:24:49.968992674Z,191
2024-03-08T23:24:50.503249099Z,218
2024-03-08T23:24:51.043067864Z,230
2024-03-08T23:24:51.579041818Z,227
2024-03-08T23:24:52.120836258Z,224
2024-03-08T23:24:52.651143935Z,223
2024-03-08T23:24:53.186130428Z,224
2024-03-08T23:24:53.830418828Z,227
2024-03-08T23:24:54.347103087Z,221
2024-03-08T23:24:54.883681461Z,218
2024-03-08T23:24:56.329016967Z,171
2024-03-08T23:24:56.910871999Z,155
2024-03-08T23:24:57.440955544Z,151
2024-03-08T23:24:57.970800268Z,150
2024-03-08T23:24:58.504781617Z,154
2024-03-08T23:24:59.27791296Z,150
2024-03-08T23:24:59.803778416Z,182
2024-03-08T23:25:00.347063414Z,207
2024-03-08T23:25:00.890825473Z,204
2024-03-08T23:25:01.413038573Z,205
2024-03-08T23:25:01.945013583Z,209
2024-03-08T23:25:02.485627642Z,219
2024-03-08T23:25:03.015031266Z,224
2024-03-08T23:25:03.552937022Z,227
2024-03-08T23:25:04.703737962Z,229
2024-03-08T23:25:05.23892509Z,224
2024-03-08T23:25:05.775006057Z,218
2024-03-08T23:25:06.308310403Z,217
2024-03-09T18:32:53.261677316Z,217
2024-03-09T18:34:00.398771427Z,44
2024-03-09T18:34:01.218213145Z,46
2024-03-09T18:34:01.744590264Z,50
2024-03-09T18:34:02.280432554Z,60
2024-03-09T18:34:02.814486899Z,77
2024-03-09T18:34:03.348389537Z,108
2024-03-09T18:34:03.872854337Z,176
2024-03-09T18:34:04.40918207Z,229
2024-03-09T18:34:04.946370729Z,231
2024-03-09T18:34:25.370632825Z,154
2024-03-09T18:34:25.894251838Z,166
2024-03-09T18:34:26.422312706Z,179
2024-03-09T18:34:26.95449795Z,193
2024-03-09T18:34:27.496352458Z,211
2024-03-09T18:34:28.034371107Z,232
2024-03-09T18:34:28.586285187Z,231
2024-03-09T18:35:10.524776692Z,231
2024-03-09T18:35:11.062517513Z,91
2024-03-09T18:35:11.598401748Z,102
2024-03-09T18:35:12.122240762Z,151
2024-03-09T18:35:12.664283491Z,200
2024-03-09T18:35:13.200074448Z,213
2024-03-09T18:35:13.732152863Z,225
2024-03-09T18:35:14.262647712Z,226
2024-03-09T18:35:14.798463523Z,225
2024-03-09T18:35:15.334156625Z,224
2024-03-09T18:35:15.872295796Z,227
2024-03-09T18:35:16.409979407Z,225
2024-03-09T18:35:16.946069846Z,224
2024-03-09T18:35:17.769177341Z,215
2024-03-09T18:35:19.140109254Z,162
2024-03-09T18:35:19.842290585Z,145
2024-03-09T18:35:20.366289049Z,141
2024-03-09T18:35:20.90209221Z,140
2024-03-09T18:35:21.424518954Z,131
2024-03-09T18:35:21.957992537Z,130
2024-03-09T18:35:22.494388778Z,133
2024-03-09T18:35:23.028167134Z,163
2024-03-09T18:35:23.564143914Z,191
2024-03-09T18:35:24.094200517Z,207
2024-03-09T18:35:24.632407457Z,216
2024-03-09T18:35:25.560984639Z,223
2024-03-09T18:35:26.090138337Z,224
2024-03-09T18:35:26.614381455Z,221
2024-03-09T18:35:27.158465267Z,217
2024-03-09T18:35:27.694086871Z,216
2024-03-09T18:35:28.230667668Z,213
2024-03-09T18:35:28.754269692Z,212
2024-03-09T18:35:29.284503523Z,220
2024-03-09T18:35:29.824330022Z,225
2024-03-09T18:35:30.48840832Z,226
2024-03-09T18:35:31.010080395Z,219
2024-03-09T18:35:31.548235214Z,217
2024-03-09T18:35:32.080544782Z,208
2024-03-09T18:35:32.610536349Z,204
2024-03-09T18:35:33.153140525Z,207
2024-03-09T18:35:33.679356922Z,209
2024-03-09T18:35:34.220340553Z,204
2024-03-09T18:35:34.754472874Z,213
2024-03-09T18:35:35.296077698Z,215
2024-03-09T18:35:35.834384316Z,211
2024-03-09T18:35:36.654624324Z,213
2024-03-09T18:35:37.184076508Z,209
2024-03-09T18:35:37.708955403Z,211
2024-03-09T18:35:38.2396924Z,204
2024-03-09T18:35:38.772561409Z,199
2024-03-09T18:35:39.302278207Z,200
2024-03-09T18:35:39.830543856Z,194
2024-03-09T18:35:40.356220086Z,199
2024-03-09T18:35:40.896425397Z,208
2024-03-09T18:35:41.428235091Z,204
2024-03-09T18:35:41.962360734Z,211
2024-03-09T18:35:42.489336408Z,230
2024-03-09T18:35:43.014570047Z,228
2024-03-09T18:35:43.542345593Z,226
2024-03-09T18:35:44.0804888Z,218
2024-03-09T18:35:44.622386705Z,208
2024-03-09T18:35:45.149586361Z,205
2024-03-09T18:35:45.684414115Z,206
2024-03-09T18:35:46.21821965Z,202
2024-03-09T18:35:46.749066318Z,212
2024-03-09T18:35:47.290559378Z,224
2024-03-09T18:35:47.812243069Z,226
2024-03-09T18:35:48.342216053Z,227
2024-03-09T18:35:48.878332458Z,231
2024-03-09T18:35:49.414486164Z,229
2024-03-09T18:35:49.946247518Z,226
2024-03-09T18:35:50.59841126Z,229
2024-03-09T18:35:51.147054923Z,226
2024-03-09T18:35:52.248503793Z,188
2024-03-09T18:35:52.780418598Z,175
2024-03-09T18:35:53.302477348Z,172
2024-03-09T18:35:53.840925229Z,168
2024-03-09T18:35:54.372521537Z,165
2024-03-09T18:35:54.910234377Z,166
2024-03-09T18:35:55.444287788Z,194
2024-03-09T18:35:55.984530342Z,213
2024-03-09T18:35:56.518196159Z,221
2024-03-09T18:35:57.054533558Z,223
2024-03-09T18:35:57.586152819Z,224
2024-03-09T18:36:00.2244866Z,130
2024-03-09T18:36:01.542376352Z,106
2024-03-09T18:36:02.812044255Z,90
2024-03-09T18:36:03.614745017Z,83
2024-03-09T18:36:05.206250128Z,70
2024-03-09T18:36:06.189326931Z,64
2024-03-09T18:36:09.430526798Z,222
2024-03-09T18:36:09.972155171Z,223
2024-03-09T18:36:10.510388041Z,207
2024-03-09T18:36:11.049503362Z,210
2024-03-09T18:36:11.584193411Z,211
2024-03-09T18:36:12.124173223Z,212
2024-03-09T18:36:12.650302255Z,209
2024-03-09T18:36:13.188177671Z,227
2024-03-09T18:36:13.716128212Z,222
2024-03-09T18:36:14.262247594Z,223
2024-03-09T18:36:14.786336204Z,224
2024-03-09T18:36:16.100275941Z,182
2024-03-09T18:36:16.634519912Z,168
2024-03-09T18:36:21.122389837Z,96
2024-03-09T18:36:21.652837993Z,100
2024-03-09T18:36:22.18603902Z,113
2024-03-09T18:36:22.71630594Z,131
2024-03-09T18:36:23.253587235Z,155
2024-03-09T18:36:23.77825533Z,189
2024-03-09T18:36:24.306330976Z,223
2024-03-09T18:36:24.840493985Z,227
2024-03-09T18:36:25.370269249Z,226
2024-03-09T18:36:25.898400018Z,227
2024-03-09T18:36:26.426740723Z,228
2024-03-09T18:36:29.32618341Z,124
2024-03-09T18:36:30.820390385Z,98
2024-03-09T18:36:34.016279173Z,214
2024-03-09T18:36:34.544264902Z,216
2024-03-09T18:36:35.076232578Z,203
2024-03-09T18:36:35.614202378Z,207
2024-03-09T18:36:36.138874942Z,209
2024-03-09T18:36:36.668171795Z,213
2024-03-09T18:36:38.002271115Z,181
2024-03-09T18:36:38.588282342Z,167
2024-03-09T18:36:39.11426892Z,162
2024-03-09T18:36:39.652223889Z,160
2024-03-09T18:36:40.190196724Z,159
2024-03-09T18:36:40.732339212Z,158
2024-03-09T18:36:41.268514629Z,191
2024-03-09T18:36:41.794380494Z,219
2024-03-09T18:36:42.322243603Z,224
2024-03-09T18:36:42.854126719Z,225
2024-03-09T18:36:43.388644954Z,224
2024-03-09T18:36:43.924267754Z,228
2024-03-09T18:36:44.456623415Z,227
2024-03-09T18:36:44.994029266Z,226
2024-03-09T18:36:45.532197567Z,221
2024-03-09T18:36:46.064213901Z,227
2024-03-09T18:36:46.588397972Z,226
2024-03-09T18:36:47.398099344Z,216
2024-03-09T18:36:51.020103298Z,189
2024-03-09T18:36:51.544150657Z,188
2024-03-09T18:36:52.080265789Z,196
2024-03-09T18:36:52.618240983Z,198
2024-03-09T18:36:53.16235637Z,202
2024-03-09T18:36:53.686339015Z,208
2024-03-09T18:36:54.22641888Z,218
2024-03-09T18:36:54.758413052Z,216
2024-03-09T18:36:55.293292956Z,221
2024-03-09T18:36:55.824383114Z,224
2024-03-09T18:36:56.36036313Z,227
2024-03-09T18:36:56.899149032Z,224
2024-03-09T18:36:57.430479625Z,225
2024-03-09T18:36:58.080325626Z,228
2024-03-09T18:36:58.624218156Z,225
2024-03-09T18:36:59.210487049Z,224
2024-03-09T18:37:00.432460674Z,178
2024-03-09T18:37:01.030247315Z,162
2024-03-09T18:37:01.55437693Z,157
2024-03-09T18:37:02.094101732Z,155
2024-03-09T18:37:05.712948289Z,229
2024-03-09T18:37:10.012207785Z,102
2024-03-09T18:37:10.544251735Z,106
2024-03-09T18:37:11.078292595Z,119
2024-03-09T18:37:11.610496181Z,136
2024-03-09T18:37:12.152271978Z,160
2024-03-09T18:37:12.691271499Z,192
2024-03-09T18:37:13.226331329Z,222
2024-03-09T18:37:13.766186533Z,225
2024-03-09T18:37:14.298285201Z,224
2024-03-09T18:37:14.840364528Z,223
2024-03-09T18:37:15.382370625Z,224
2024-03-09T18:37:15.928160912Z,223
2024-03-09T18:37:16.477964767Z,222
2024-03-09T18:37:17.404181726Z,204
2024-03-09T18:37:17.928380401Z,199
2024-03-09T18:37:18.460238811Z,200
2024-03-09T18:37:19.008967811Z,204
2024-03-09T18:37:21.636257778Z,120
2024-03-09T18:37:23.026271588Z,97
2024-03-09T18:37:26.302357254Z,200
2024-03-09T18:37:26.83235846Z,203
2024-03-09T18:37:27.370547184Z,198
2024-03-09T18:37:27.918384324Z,202
2024-03-09T18:37:28.456284603Z,206
2024-03-09T18:37:28.99657043Z,211
2024-03-09T18:37:29.540443834Z,212
2024-03-09T18:37:30.067457443Z,222
2024-03-09T18:37:30.616558258Z,223
2024-03-09T18:37:34.788249325Z,127
2024-03-09T18:37:35.320430569Z,131
2024-03-09T18:37:35.857255114Z,142
2024-03-09T18:37:36.390382442Z,157
2024-03-09T18:37:36.9243002Z,175
2024-03-09T18:37:37.462351996Z,198
2024-03-09T18:37:38.006308011Z,221
2024-03-09T18:37:38.544290341Z,223
2024-03-09T18:37:39.082863152Z,224
2024-03-09T18:37:39.622330209Z,223
2024-03-09T18:37:40.15814871Z,226
2024-03-09T18:37:40.684236756Z,224
2024-03-09T18:37:42.118315814Z,175
2024-03-09T18:37:42.706191151Z,159
2024-03-09T18:37:43.236145144Z,155
2024-03-09T18:37:43.782417283Z,153
2024-03-09T18:37:45.900297768Z,112
2024-03-09T18:37:46.884059021Z,99
2024-03-09T18:37:50.354329127Z,164
2024-03-09T18:37:50.889740023Z,170
2024-03-09T18:37:51.414237991Z,172
2024-03-09T18:37:51.950161486Z,183
2024-03-09T18:37:52.490324825Z,195
2024-03-09T18:37:53.014229783Z,207
2024-03-09T18:37:53.546370037Z,215
2024-03-09T18:37:54.083212422Z,228
2024-03-09T18:37:54.614269316Z,227
2024-03-09T18:37:55.134206172Z,226
2024-03-09T18:37:55.66935006Z,229
2024-03-09T18:37:56.204197338Z,227
2024-03-09T18:37:56.732221116Z,226
2024-03-09T18:37:57.844859597Z,194
2024-03-09T18:37:58.370278036Z,183
2024-03-09T18:37:58.890545135Z,184
2024-03-09T18:37:59.420403607Z,169
2024-03-09T18:38:00.564308083Z,142
2024-03-09T18:38:01.160450189Z,132
2024-03-09T18:38:01.689608359Z,130
2024-03-09T18:38:02.216028455Z,140
2024-03-09T18:38:02.742722854Z,146
2024-03-09T18:38:03.287297442Z,158
2024-03-09T18:38:03.819035801Z,194
2024-03-09T18:38:04.357551449Z,221
2024-03-09T18:38:04.894323312Z,227
2024-03-09T18:38:05.448782188Z,228
2024-03-09T18:38:05.977603516Z,223
2024-03-09T18:38:06.962455066Z,200
2024-03-09T18:38:07.500198532Z,193
2024-03-09T18:38:08.824614536Z,158
2024-03-09T18:38:09.404363519Z,147
2024-03-09T18:38:09.928187838Z,144
2024-03-09T18:38:10.458289123Z,143
2024-03-09T18:38:10.994823902Z,154
2024-03-09T18:38:11.534292201Z,160
2024-03-09T18:38:12.066390757Z,192
2024-03-09T18:38:12.604338498Z,221
2024-03-09T18:38:13.132429043Z,225
2024-03-09T18:38:13.666352696Z,226
2024-03-09T18:38:14.196310249Z,225
2024-03-09T18:38:14.7343306Z,226
2024-03-09T18:38:15.398335977Z,227
2024-03-09T18:38:15.918535756Z,223
2024-03-09T18:38:16.460182137Z,215
2024-03-09T18:38:17.002257544Z,214
2024-03-09T18:38:17.535550398Z,216
2024-03-09T18:38:18.072835088Z,215
2024-03-09T18:38:19.390514469Z,181
2024-03-09T18:38:19.924453197Z,167
2024-03-09T18:38:23.544333246Z,194
2024-03-09T18:38:24.074820183Z,193
2024-03-09T18:38:24.612927907Z,196
2024-03-09T18:38:25.150319101Z,200
2024-03-09T18:38:25.680492959Z,205
2024-03-09T18:38:26.215126584Z,212
2024-03-09T18:38:26.749682676Z,221
2024-03-09T18:38:27.30057697Z,225
2024-03-09T18:38:27.816387646Z,223
2024-03-09T18:38:28.352789951Z,225
2024-03-09T18:38:29.000682156Z,227
2024-03-09T18:38:29.532284346Z,223
2024-03-09T18:38:30.129275256Z,227
2024-03-09T18:38:30.679835445Z,223
2024-03-09T18:38:32.002167309Z,226
2024-03-09T18:38:32.540201746Z,223
2024-03-09T18:38:36.030175502Z,205
2024-03-09T18:38:36.552198721Z,208
2024-03-09T18:38:37.088768418Z,201
2024-03-09T18:38:37.627089196Z,205
2024-03-09T18:38:38.169679963Z,209
2024-03-09T18:38:38.696526172Z,212
2024-03-09T18:38:39.230411239Z,215
2024-03-09T18:38:39.762512838Z,227
2024-03-09T18:38:40.29848069Z,225
2024-03-09T18:38:40.83599927Z,223
2024-03-09T18:38:41.374529221Z,224
2024-03-09T18:38:42.028266201Z,227
2024-03-09T18:38:42.57216984Z,226
2024-03-09T18:38:44.350253485Z,155
2024-03-09T18:38:45.384694308Z,129
2024-03-09T18:38:46.9841983Z,100
2024-03-09T18:38:50.462569914Z,165
2024-03-09T18:38:51.002416501Z,170
2024-03-09T18:38:53.782588219Z,109
2024-03-09T18:38:55.220110379Z,91
2024-03-09T18:38:58.470830908Z,155
2024-03-09T18:38:59.002281926Z,161
2024-03-09T18:38:59.547063665Z,164
2024-03-09T18:39:00.074394428Z,174
2024-03-09T18:39:00.602397472Z,183
2024-03-09T18:39:01.146142438Z,191
2024-03-09T18:39:01.676299045Z,193
2024-03-09T18:39:02.214149369Z,205
2024-03-09T18:39:04.958523314Z,120
2024-03-09T18:39:06.326830708Z,100
2024-03-09T18:39:09.768263735Z,158
2024-03-09T18:39:10.303549166Z,164
2024-03-09T18:39:11.414855685Z,153
2024-03-09T18:39:14.2893128Z,99
2024-03-09T18:39:15.794387121Z,83
2024-03-09T18:39:19.086519352Z,202
2024-03-09T18:39:19.614698434Z,201
2024-03-09T18:39:20.152191442Z,206
2024-03-09T18:39:20.688326357Z,205
2024-03-09T18:39:21.226339399Z,206
2024-03-09T18:39:21.754251021Z,210
2024-03-09T18:39:22.290791955Z,216
2024-03-09T18:39:22.836086196Z,215
2024-03-09T18:39:23.370320844Z,220
2024-03-09T18:39:23.900561281Z,223
2024-03-09T18:39:24.440052202Z,225
2024-03-09T18:39:24.97245008Z,224
2024-03-09T18:39:25.516329832Z,225
2024-03-09T18:39:26.038244303Z,224
2024-03-09T18:39:26.584691596Z,225
2024-03-09T18:39:27.104536566Z,224
2024-03-09T18:39:27.642519109Z,225
2024-03-09T18:39:28.30031519Z,228
2024-03-09T18:39:28.836567206Z,225
2024-03-09T18:39:29.422333059Z,226
2024-03-09T18:39:30.909343761Z,165
2024-03-09T18:39:31.665985734Z,145
2024-03-09T18:39:35.082525462Z,171
2024-03-09T18:39:35.620210322Z,175
2024-03-09T18:39:36.154147023Z,180
2024-03-09T18:39:36.693406416Z,188
2024-03-09T18:39:37.224309779Z,197
2024-03-09T18:39:37.748169266Z,205
2024-03-09T18:39:38.288217958Z,212
2024-03-09T18:39:38.814281863Z,220
2024-03-09T18:39:39.348311961Z,226
2024-03-09T18:39:39.892400946Z,227
2024-03-09T18:39:40.412371658Z,230
2024-03-09T18:39:40.950490715Z,229
2024-03-09T18:39:41.492115781Z,227
2024-03-09T18:39:42.03851941Z,224
2024-03-09T18:39:42.570852703Z,223
2024-03-09T18:39:46.770496986Z,124
2024-03-09T18:39:47.306110692Z,129
2024-03-09T18:39:47.83801908Z,139
2024-03-09T18:39:48.369138316Z,154
2024-03-09T18:39:48.908131079Z,174
2024-03-09T18:39:49.446520835Z,199
2024-03-09T18:39:49.978159178Z,215
2024-03-09T18:39:50.520140293Z,226
2024-03-09T18:39:51.052057751Z,225
2024-03-09T18:39:51.596347824Z,223
2024-03-09T18:39:52.242543218Z,227
2024-03-09T18:39:52.780356371Z,222
2024-03-09T18:39:53.322539899Z,223
2024-03-09T18:39:55.244122026Z,149
2024-03-09T18:39:56.236218211Z,126
2024-03-09T18:39:59.81808371Z,142
2024-03-09T18:40:00.350257065Z,146
2024-03-09T18:40:00.899497337Z,159
2024-03-09T18:40:01.451872203Z,169
2024-03-09T18:40:01.983052572Z,182
2024-03-09T18:40:02.524300119Z,202
2024-03-09T18:40:03.054216029Z,215
2024-03-09T18:40:03.592416622Z,212
2024-03-09T18:40:04.134327307Z,222
2024-03-09T18:40:04.689295161Z,225
2024-03-09T18:40:05.210403219Z,222
2024-03-09T18:40:08.902351661Z,211
2024-03-09T18:40:09.442155754Z,214
2024-03-09T18:40:09.988322933Z,203
2024-03-09T18:40:10.522618677Z,206
2024-03-09T18:40:11.058498751Z,207
2024-03-09T18:40:11.594140218Z,211
2024-03-09T18:40:12.134897537Z,212
2024-03-09T18:40:12.656294009Z,225
2024-03-09T18:40:13.198371842Z,226
2024-03-09T18:40:13.726880991Z,223
2024-03-09T18:40:14.2521331Z,224
2024-03-09T18:40:14.78029402Z,226
2024-03-09T18:40:15.312587671Z,228
2024-03-09T18:40:15.849095357Z,227
2024-03-09T18:40:16.394206976Z,229
2024-03-09T18:40:16.936364041Z,227
2024-03-09T18:40:17.480391279Z,224
2024-03-09T18:40:18.012212576Z,221
2024-03-09T18:40:18.548740011Z,223
2024-03-09T18:40:19.090281348Z,224
2024-03-09T18:40:19.614285114Z,223
2024-03-09T18:40:20.317347064Z,225
2024-03-09T18:40:20.854146718Z,223
2024-03-09T18:40:21.390253146Z,222
2024-03-09T18:40:22.776269061Z,169
2024-03-09T18:40:23.478066945Z,151
2024-03-09T18:40:24.016252634Z,147
2024-03-09T18:40:24.546775921Z,145
2024-03-09T18:40:25.073789599Z,146
2024-03-09T18:40:25.608750216Z,147
2024-03-09T18:40:26.146286314Z,186
2024-03-09T18:40:26.684080098Z,224
2024-03-09T18:40:27.226097961Z,226
2024-03-09T18:40:27.764187934Z,227
2024-03-09T18:40:28.304857553Z,225
2024-03-09T18:40:28.844286262Z,223
2024-03-09T18:40:29.389076741Z,218
2024-03-09T18:40:29.922388626Z,222
2024-03-09T18:40:30.454224181Z,224
2024-03-09T18:40:30.998487816Z,223
2024-03-09T18:40:34.752394635Z,189
2024-03-09T18:40:35.344422902Z,192
2024-03-09T18:40:35.874513116Z,196
2024-03-09T18:40:36.40421647Z,191
2024-03-09T18:40:36.940396735Z,199
2024-03-09T18:40:37.470282583Z,204
2024-03-09T18:40:38.004353931Z,214
2024-03-09T18:40:38.530821088Z,213
2024-03-09T18:40:39.070018237Z,229
2024-03-09T18:40:39.609665159Z,225
2024-03-09T18:40:40.146150054Z,227
2024-03-09T18:40:40.674421131Z,225
2024-03-09T18:40:41.206258021Z,224
2024-03-09T18:40:41.748577127Z,225
2024-03-09T18:40:42.292396597Z,224
2024-03-09T18:40:43.331539339Z,199
2024-03-09T18:40:43.855336939Z,191
2024-03-09T18:40:44.386157566Z,188
2024-03-09T18:40:45.730395867Z,157
2024-03-09T18:40:46.260121283Z,146
2024-03-09T18:40:46.784629295Z,144
2024-03-09T18:40:47.322246271Z,154
2024-03-09T18:40:47.862510222Z,162
2024-03-09T18:40:48.398263825Z,161
2024-03-09T18:40:48.928214973Z,194
2024-03-09T18:40:49.476236907Z,218
2024-03-09T18:40:50.008011199Z,224
2024-03-09T18:40:50.534652872Z,223
2024-03-09T18:40:54.564413358Z,140
2024-03-09T18:40:55.098102273Z,146
2024-03-09T18:40:55.62917149Z,151
2024-03-09T18:40:56.158305346Z,165
2024-03-09T18:40:56.688251597Z,182
2024-03-09T18:40:57.228315633Z,202
2024-03-09T18:40:57.758434525Z,212
2024-03-09T18:40:58.2923792Z,229
2024-03-09T18:40:58.826155343Z,226
2024-03-09T18:40:59.365156788Z,225
2024-03-09T18:40:59.89870616Z,220
2024-03-09T18:41:00.429144851Z,223
2024-03-09T18:41:00.974166008Z,224
2024-03-09T18:41:01.530151852Z,222
2024-03-09T18:41:02.174055794Z,224
2024-03-09T18:41:02.712504784Z,223
2024-03-09T18:41:04.340256737Z,226
2024-03-09T18:41:04.868267633Z,221
2024-03-09T18:41:05.404178881Z,223
2024-03-09T18:41:06.228327683Z,221
2024-03-09T18:41:06.770219909Z,226
2024-03-09T18:41:07.929150294Z,184
2024-03-09T18:41:08.56017778Z,166
2024-03-09T18:41:09.088657934Z,163
2024-03-09T18:41:09.620031038Z,157
2024-03-09T18:41:10.164085271Z,159
2024-03-09T18:41:10.698256425Z,158
2024-03-09T18:41:11.230096548Z,190
2024-03-09T18:41:11.778499339Z,215
2024-03-09T18:41:12.316234231Z,225
2024-03-09T18:41:12.852314322Z,224
2024-03-09T18:41:13.394345318Z,223
2024-03-09T18:41:13.928150667Z,219
2024-03-09T18:41:14.45405874Z,227
2024-03-09T18:41:14.986216245Z,226
2024-03-09T18:41:15.518542068Z,224
2024-03-09T18:41:16.060374195Z,225
2024-03-09T18:41:16.60032632Z,227
2024-03-09T18:41:17.132306231Z,226
2024-03-09T18:41:17.664154049Z,224
2024-03-09T18:41:21.981541956Z,115
2024-03-09T18:41:22.518717217Z,120
2024-03-09T18:41:23.054483967Z,130
2024-03-09T18:41:23.588096229Z,146
2024-03-09T18:41:24.124570969Z,167
2024-03-09T18:41:24.65745008Z,195
2024-03-09T18:41:25.192149955Z,214
2024-03-09T18:41:25.726338459Z,223
2024-03-09T18:41:26.880171774Z,192
2024-03-09T18:41:27.405623949Z,181
2024-03-09T18:41:27.946301266Z,182
2024-03-09T18:41:28.486064093Z,166
2024-03-09T18:41:29.000230419Z,167
2024-03-09T18:41:29.52825031Z,157
2024-03-09T18:41:30.909058277Z,150
2024-03-09T18:41:31.452197883Z,145
2024-03-09T18:41:31.978123762Z,142
2024-03-09T18:41:32.514997325Z,153
2024-03-09T18:41:33.050465467Z,160
2024-03-09T18:41:33.590183629Z,159
2024-03-09T18:41:34.130321675Z,192
2024-03-09T18:41:34.650370269Z,220
2024-03-09T18:41:35.182046918Z,223
2024-03-09T18:41:35.72029906Z,219
2024-03-09T18:41:36.254470188Z,224
2024-03-09T18:41:36.800584184Z,225
2024-03-09T18:41:37.322416233Z,226
2024-03-09T18:41:37.858247686Z,225
2024-03-09T18:41:38.380153518Z,230
2024-03-09T18:41:38.914520909Z,229
2024-03-09T18:41:39.446225969Z,226
2024-03-09T18:41:39.978232267Z,227
2024-03-09T18:41:43.502420873Z,229
2024-03-09T18:41:44.091159798Z,227
2024-03-09T18:41:44.630257222Z,223
2024-03-09T18:41:45.393067379Z,206
2024-03-09T18:41:45.920288082Z,202
2024-03-09T18:41:46.456263082Z,204
2024-03-09T18:41:46.989296203Z,205
2024-03-09T18:41:47.516332662Z,210
2024-03-09T18:41:50.912480403Z,201
2024-03-09T18:41:51.448006105Z,200
2024-03-09T18:41:51.990466758Z,206
2024-03-09T18:41:52.532161578Z,203
2024-03-09T18:41:53.058798437Z,207
2024-03-09T18:41:53.598362616Z,213
2024-03-09T18:41:54.136326377Z,218
2024-03-09T18:41:54.669096643Z,216
2024-03-09T18:41:55.200495541Z,224
2024-03-09T18:41:55.742506929Z,225
2024-03-09T18:41:56.272253471Z,223
2024-03-09T18:41:56.808243358Z,224
2024-03-09T18:41:57.347203859Z,222
2024-03-09T18:41:57.884136184Z,225
2024-03-09T18:41:58.424484567Z,224
2024-03-09T18:41:59.238074784Z,214
2024-03-09T18:41:59.780210791Z,212
2024-03-09T18:42:00.309008807Z,215
2024-03-09T18:42:00.849007861Z,206
2024-03-09T18:42:01.389026271Z,203
2024-03-09T18:42:02.722351183Z,172
2024-03-09T18:42:03.308154519Z,160
2024-03-09T18:42:03.842416633Z,156
2024-03-09T18:42:04.378285128Z,154
2024-03-09T18:42:04.922196476Z,158
2024-03-09T18:42:06.084214816Z,139
2024-03-09T18:42:06.620400419Z,157
2024-03-09T18:42:07.156254442Z,169
2024-03-09T18:42:07.694695921Z,166
2024-03-09T18:42:08.224155079Z,168
2024-03-09T18:42:08.754166767Z,169
2024-03-09T18:42:09.304409028Z,196
2024-03-09T18:42:09.838261059Z,202
2024-03-09T18:42:10.372496784Z,219
2024-03-09T18:42:10.912341211Z,199
2024-03-09T18:42:14.378286994Z,218
2024-03-09T18:42:14.918353064Z,220
2024-03-09T18:42:15.450535874Z,222
2024-03-09T18:42:15.976804307Z,214
2024-03-09T18:42:16.512323903Z,212
2024-03-09T18:42:17.332014628Z,200
2024-03-09T18:42:17.865416021Z,196
2024-03-09T18:42:18.398143032Z,198
2024-03-09T18:42:18.930491859Z,206
2024-03-09T18:42:19.470136134Z,211
2024-03-09T18:42:20.000170048Z,202
2024-03-09T18:42:20.526427394Z,218
2024-03-09T18:42:24.222316947Z,211
2024-03-09T18:42:24.746219214Z,214
2024-03-09T18:42:25.294555407Z,201
2024-03-09T18:42:25.822022414Z,204
2024-03-09T18:42:26.340094679Z,209
2024-03-09T18:42:26.872639313Z,213
2024-03-09T18:42:28.214339459Z,181
2024-03-09T18:42:28.798554392Z,167
2024-03-09T18:42:29.322170382Z,163
2024-03-09T18:42:29.862152207Z,157
2024-03-09T18:42:31.422260706Z,128
2024-03-09T18:42:32.072313215Z,119
2024-03-09T18:42:32.600595049Z,115
2024-03-09T18:42:33.140226863Z,142
2024-03-09T18:42:33.682484406Z,147
2024-03-09T18:42:34.212270142Z,148
2024-03-09T18:42:34.744521917Z,187
2024-03-09T18:42:35.290527548Z,224
2024-03-09T18:42:35.830230643Z,225
2024-03-09T18:42:36.368611675Z,221
2024-03-09T18:42:36.900660056Z,225
2024-03-09T18:42:37.428023972Z,224
2024-03-09T18:42:37.964360179Z,223
2024-03-09T18:42:41.536773062Z,238
2024-03-09T18:42:42.068992794Z,234
2024-03-09T18:42:42.598356832Z,232
2024-03-09T18:42:46.074286861Z,223
2024-03-09T18:42:46.602152534Z,225
2024-03-09T18:42:47.142414597Z,219
2024-03-09T18:42:47.666218999Z,222
2024-03-09T18:42:48.20605368Z,225
2024-03-09T18:42:48.736083626Z,226
2024-03-09T18:42:49.389104598Z,218
2024-03-09T18:42:49.91842669Z,223
2024-03-09T18:42:50.454227675Z,210
2024-03-09T18:42:50.994058355Z,208
2024-03-09T18:42:51.538124403Z,206
2024-03-09T18:42:52.070243842Z,205
2024-03-09T18:42:52.608762681Z,212
2024-03-09T18:42:53.146336139Z,218
2024-03-09T18:42:53.678279405Z,221
2024-03-09T18:42:54.216157762Z,223
2024-03-09T18:42:54.762118579Z,224
2024-03-09T18:42:56.100293999Z,181
2024-03-09T18:42:56.632256471Z,169
2024-03-09T18:42:57.172305179Z,164
2024-03-09T18:42:57.706389816Z,160
2024-03-09T18:43:01.272602659Z,220
2024-03-09T18:43:01.774631223Z,223
2024-03-09T18:43:02.300290638Z,225
2024-03-09T18:43:02.836462822Z,213
2024-03-09T18:43:03.362233004Z,215
2024-03-09T18:43:03.88828879Z,213
2024-03-09T18:43:04.428447446Z,215
2024-03-09T18:43:04.962546687Z,214
2024-03-09T18:43:05.488506338Z,227
2024-03-09T18:43:08.358255121Z,124
2024-03-09T18:43:09.845659799Z,99
2024-03-09T18:43:10.842695033Z,89
2024-03-09T18:43:12.899080037Z,70
2024-03-09T18:43:14.156118204Z,62
2024-03-09T18:43:15.250061067Z,57
2024-03-09T18:43:15.946261562Z,55
2024-03-09T18:43:17.998307778Z,47
2024-03-09T18:43:19.269180799Z,44
2024-03-09T18:43:22.476413529Z,230
2024-03-09T18:43:23.012729868Z,231
2024-03-09T18:43:23.532133427Z,214
2024-03-09T18:43:24.064199438Z,215
2024-03-09T18:43:24.602319726Z,212
2024-03-09T18:43:25.138309022Z,213
2024-03-09T18:43:25.672069662Z,212
2024-03-09T18:43:26.204278558Z,229
2024-03-09T18:43:26.732368391Z,220
2024-03-09T18:43:27.262374745Z,214
2024-03-09T18:43:27.802292567Z,207
2024-03-09T18:43:28.347053539Z,205
2024-03-09T18:43:31.842116942Z,238
2024-03-09T18:43:32.376085001Z,235
2024-03-09T18:43:32.918357614Z,229
2024-03-09T18:43:33.455605757Z,228
2024-03-09T18:43:33.998124612Z,227
2024-03-09T18:43:34.536038615Z,225
2024-03-09T18:43:35.081371078Z,221
2024-03-09T18:43:35.608501684Z,226
2024-03-09T18:43:36.206115567Z,223
2024-03-09T18:43:38.458335768Z,135
2024-03-09T18:43:39.680564413Z,111
2024-03-09T18:43:43.068235127Z,182
2024-03-09T18:43:43.586279936Z,184
2024-03-09T18:43:44.132287899Z,187
2024-03-09T18:43:44.698495286Z,193
2024-03-09T18:43:45.210175343Z,200
2024-03-09T18:43:45.74280378Z,209
2024-03-09T18:43:49.44658656Z,225
2024-03-09T18:43:49.978221255Z,226
2024-03-09T18:43:50.518642975Z,219
2024-03-09T18:43:51.050202274Z,211
2024-03-09T18:43:51.588168062Z,213
2024-03-09T18:43:52.116014397Z,215
2024-03-09T18:43:52.656442192Z,213
2024-03-09T18:43:53.188550032Z,221
2024-03-09T18:43:53.718411966Z,229
2024-03-09T18:43:57.830342286Z,132
2024-03-09T18:43:58.358537338Z,137
2024-03-09T18:43:58.888399402Z,147
2024-03-09T18:43:59.436279343Z,161
2024-03-09T18:43:59.944418432Z,179
2024-03-09T18:44:00.480320559Z,204
2024-03-09T18:44:01.01623812Z,218
2024-03-09T18:44:01.562301455Z,226
2024-03-09T18:44:02.110529795Z,222
2024-03-09T18:44:02.642418743Z,224
2024-03-09T18:44:03.18265259Z,223
2024-03-09T18:44:03.720648745Z,220
2024-03-09T18:44:04.250298383Z,222
2024-03-09T18:44:04.772432146Z,228
2024-03-09T18:44:05.310945384Z,223
2024-03-09T18:44:05.850479192Z,220
2024-03-09T18:44:06.392643974Z,225
2024-03-09T18:44:06.928134003Z,226
2024-03-09T18:44:07.456035938Z,224
2024-03-09T18:44:08.000312414Z,226
2024-03-09T18:44:08.534153852Z,228
2024-03-09T18:44:09.062247813Z,226
2024-03-09T18:44:09.58884215Z,224
2024-03-09T18:44:10.128280185Z,218
2024-03-09T18:44:10.662344176Z,221
2024-03-09T18:44:11.196596479Z,204
2024-03-09T18:44:11.732218903Z,206
2024-03-09T18:44:12.254679934Z,193
2024-03-09T18:44:12.793242461Z,188
2024-03-09T18:44:13.329123774Z,191
2024-03-09T18:44:13.85078628Z,205
2024-03-09T18:44:14.380621468Z,202
2024-03-09T18:44:14.918358498Z,215
2024-03-09T18:44:15.462586513Z,222
2024-03-09T18:44:16.002457576Z,226
2024-03-09T18:44:16.638238322Z,232
2024-03-09T18:44:17.168135982Z,227
2024-03-09T18:44:17.694091989Z,229
2024-03-09T18:44:18.236795116Z,220
2024-03-09T18:44:18.770105405Z,215
2024-03-09T18:44:19.304818812Z,216
2024-03-09T18:44:19.835964881Z,219
2024-03-09T18:44:20.374659369Z,218
2024-03-09T18:44:20.91234583Z,222
2024-03-09T18:44:21.447131602Z,228
2024-03-09T18:44:21.982386489Z,227
2024-03-09T18:44:22.524356633Z,225
2024-03-09T18:44:23.058513752Z,223
2024-03-09T18:44:23.584432249Z,225
2024-03-09T18:44:24.111154807Z,226
2024-03-09T18:44:24.640325827Z,225
2024-03-09T18:44:25.974244681Z,181
2024-03-09T18:44:26.612784898Z,163
2024-03-09T18:44:27.151775124Z,158
2024-03-09T18:44:27.692064791Z,155
2024-03-09T18:44:28.228120357Z,156
2024-03-09T18:44:28.764225514Z,157
2024-03-09T18:44:29.300364321Z,189
2024-03-09T18:44:29.834230299Z,219
2024-03-09T18:44:30.369119435Z,227
2024-03-09T18:44:30.898272241Z,226
2024-03-09T18:44:31.430672943Z,225
2024-03-09T18:44:32.090547982Z,231
2024-03-09T18:44:34.018224961Z,150
2024-03-09T18:44:34.998618661Z,126
2024-03-09T18:44:38.334579106Z,191
2024-03-09T18:44:38.872734116Z,188
2024-03-09T18:44:39.409480347Z,192
2024-03-09T18:44:39.945068224Z,198
2024-03-09T18:44:40.480221974Z,203
2024-03-09T18:44:41.022503862Z,212
2024-03-09T18:44:41.558640188Z,222
2024-03-09T18:44:42.084913219Z,217
2024-03-09T18:44:42.614347163Z,214
2024-03-09T18:44:43.155008627Z,216
2024-03-09T18:44:43.690854625Z,198
2024-03-09T18:44:46.046165515Z,122
2024-03-09T18:44:47.368241279Z,101
2024-03-09T18:44:52.292778619Z,66
2024-03-09T18:44:52.8823145Z,68
2024-03-09T18:44:53.403170723Z,73
2024-03-09T18:44:53.945255525Z,86
2024-03-09T18:44:54.473050628Z,105
2024-03-09T18:44:54.99805571Z,136
2024-03-09T18:44:55.534482751Z,190
2024-03-09T18:44:56.074388638Z,223
2024-03-09T18:44:56.592119877Z,227
2024-03-09T18:44:57.122255959Z,226
2024-03-09T18:44:57.658243962Z,227
2024-03-09T18:44:58.196607473Z,228
2024-03-09T18:44:58.728764006Z,225
2024-03-09T18:44:59.274373433Z,226
2024-03-09T18:44:59.804326713Z,224
2024-03-09T18:45:00.336660038Z,221
2024-03-09T18:45:00.87849984Z,224
2024-03-09T18:45:01.424563386Z,225
2024-03-09T18:45:01.96023379Z,223
2024-03-09T18:45:02.498488453Z,225
2024-03-09T18:45:03.03428383Z,226
2024-03-09T18:45:03.562727857Z,223
2024-03-09T18:45:22.680374396Z,223
2024-03-09T18:45:23.382418691Z,114
2024-03-09T18:45:24.410428303Z,150
2024-03-09T18:45:25.438319133Z,152
2024-03-09T18:45:26.442424484Z,136
2024-03-09T18:45:27.456619909Z,142
2024-03-09T18:45:28.492561129Z,143
2024-03-09T18:45:29.520467776Z,184
2024-03-09T18:45:30.544435839Z,229
2024-03-09T18:45:31.578726845Z,235
2024-03-09T18:45:33.63269197Z,233
2024-03-09T18:45:34.652590907Z,235
2024-03-09T18:45:35.68883403Z,237
2024-03-09T18:45:36.694780112Z,235
2024-03-09T18:45:38.744376225Z,231
2024-03-09T18:45:41.26683506Z,135
2024-03-09T18:45:42.522341378Z,110
2024-03-09T18:45:44.910398031Z,79
2024-03-09T18:45:46.356393677Z,68
2024-03-09T18:45:49.744568173Z,184
2024-03-09T18:45:50.776547453Z,194
2024-03-09T18:45:51.808393971Z,205
2024-03-09T18:45:52.838687838Z,215
2024-03-09T18:45:53.866664256Z,176
2024-03-09T18:45:54.903092774Z,158
2024-03-09T18:45:55.928425856Z,133
2024-03-09T18:45:56.968506038Z,131
2024-03-09T18:45:57.995437715Z,170
2024-03-09T18:45:59.034365815Z,229
2024-03-09T18:46:00.068646027Z,234
2024-03-09T18:46:01.092522614Z,233
2024-03-09T18:46:02.123244239Z,180
2024-03-09T18:46:03.156003939Z,159
2024-03-09T18:46:04.176489877Z,150
2024-03-09T18:46:05.207061819Z,151
2024-03-09T18:46:06.246321578Z,155
2024-03-09T18:46:07.264737142Z,142
2024-03-09T18:46:08.298336502Z,130
2024-03-09T18:46:09.3362041Z,122
2024-03-09T18:46:10.356367925Z,112
2024-03-09T18:46:11.382682428Z,114
2024-03-09T18:46:12.406487098Z,118
2024-03-09T18:46:13.408898922Z,125
2024-03-09T18:46:14.449171185Z,140
2024-03-09T18:46:15.468241991Z,131
2024-03-09T18:46:16.497230581Z,136
2024-03-09T18:46:17.510592874Z,137
2024-03-09T18:46:18.509287415Z,130
2024-03-09T18:46:19.516410436Z,145
2024-03-09T18:46:20.544460748Z,130
